{  "columns"
    :  [
         {"fieldname": "title",
         "label": "CPU",
         "colIdx": 0,
         "xtype": "string",
         "access": "read" 
    
         },
     {
         
         "fieldname": "AnotherField",
         "label": "Unit",
         "colIdx": 1,
         "xtype": "string",
         "access": "read"
         },

         {
         "fieldname": "Value",
         "label": "Value",
         "colIdx": 2,
         "xtype": "string",
         "access": "read"
         },

         {
         "fieldname": "LastValue",
         "label": "Last Value",
         "colIdx": 3,
         "xtype": "string",
         "access": "read"
         }
    ],

    "datas": [
         ["CPU 1","GHz","1031","700"],
         ["CPU 2","MHz","2066","650"],
         ["CPU 3","GHz","3033","833"],
         ["CPU 4","GHz","1031","700"]
    ]
}