{
     "Med_ben_jemia":
        [{"rip":"123",
          "date_debut":"1/02/2021",
          "date_fin":"2/04/2021",
           "solde_debut":"500",
            "operation":[{"Type":"versement",
                          "date operation":"24/03/2021",
                          "montant":"100DT"},
                         {"Type":"versement",
                           "date operation":"24/02/2021",
                           "montant":"200DT"},
                         {"Type":"Retrait",
                           "date operation":"22/03/2021",
                           "montant":"200DT"} ] }],

      "Anis_Assas ":
         [{"rip":"345",
           "date_debut":"1/02/2020",
           "date_fin":"2/04/2020",
           "solde_debut":"1000",
           "operation":[{"Type":"versement",
              "date operation":"24/03/2020",
              "montant":"1000DT"},
              {"Type":"versement",
              "date operation":"24/02/2020",
              "montant":"200DT"},
              {"Type":"Retrait",
                "date operation":"22/03/2020",
                "montant":"200DT"}] }] ,
 


"Manel_Tebbassi":
[{"rip":"567",
"date_debut":"1/02/2019",
"date_fin":"2/04/2019",
"solde_debut":"500",
"operation":[{"Type":"Retrait",
              "date operation":"24/03/2019",
              "montant":"100DT"},
              {"Type":"Retrait",
              "date operation":"24/02/2019",
              "montant":"200DT"},
              {"Type":"Retrait",
                "date operation":"22/03/2019",
                "montant":"200DT"}] }] , 

 
"Naima_Naima":
[{"rip":"567",
"date_debut":"5/02/2021",
"date_fin":"6/04/2021",
"solde_debut":"500",
"operation":[{"Type":"Retrait",
              "date operation":"24/03/2019",
              "montant":"1000DT"},
              {"Type":"Retrait",
              "date operation":"24/02/2019",
              "montant":"2000DT"},
              {"Type":"Versemant",
                "date operation":"22/03/2019",
                "montant":"500DT"}] }]
}                              
                